{
  "model_name": "gpt2",
  "target_size_gb": 1.0,
  "original_size_gb": 0.23178720474243164,
  "expected_size_gb": 0.303680419921875,
  "compression_ratio": 0.7632602879107627,
  "sensitivity_scores": {
    "transformer.h.0.attn.c_attn": 0.04849770393856439,
    "transformer.h.0.attn.c_proj": 0.4327923105541088,
    "transformer.h.0.mlp.c_fc": 0.01169964073718287,
    "transformer.h.0.mlp.c_proj": 0.02208883286782793,
    "transformer.h.1.attn.c_attn": 0.013593127918663342,
    "transformer.h.1.attn.c_proj": 0.03372184062501735,
    "transformer.h.1.mlp.c_fc": 0.01714688685164722,
    "transformer.h.1.mlp.c_proj": 0.01923472022477525,
    "transformer.h.2.attn.c_attn": 0.02306056382606571,
    "transformer.h.2.attn.c_proj": 0.031567374271895876,
    "transformer.h.2.mlp.c_fc": 0.044394222920634566,
    "transformer.h.2.mlp.c_proj": 0.07031445213808575,
    "transformer.h.3.attn.c_attn": 0.022055516377831208,
    "transformer.h.3.attn.c_proj": 0.02405450577763464,
    "transformer.h.3.mlp.c_fc": 0.015630986556796286,
    "transformer.h.3.mlp.c_proj": 0.011344264843884481,
    "transformer.h.4.attn.c_attn": 0.019162534496449016,
    "transformer.h.4.attn.c_proj": 0.017108017613317712,
    "transformer.h.4.mlp.c_fc": 0.018679445391496522,
    "transformer.h.4.mlp.c_proj": 0.011971725405489447,
    "transformer.h.5.attn.c_attn": 0.02122260412791311,
    "transformer.h.5.attn.c_proj": 0.02271074068110011,
    "transformer.h.5.mlp.c_fc": 0.021911144921178738,
    "transformer.h.5.mlp.c_proj": 0.01039474487897785,
    "transformer.h.6.attn.c_attn": 0.019145876251450655,
    "transformer.h.6.attn.c_proj": 0.007618370712584193,
    "transformer.h.6.mlp.c_fc": 0.020195345686347458,
    "transformer.h.6.mlp.c_proj": 0.009228667729092515,
    "transformer.h.7.attn.c_attn": 0.015225635928502812,
    "transformer.h.7.attn.c_proj": 0.005619381312780761,
    "transformer.h.7.mlp.c_fc": 0.015675408543458585,
    "transformer.h.7.mlp.c_proj": 0.007490657500930085,
    "transformer.h.8.attn.c_attn": 0.01729681105663248,
    "transformer.h.8.attn.c_proj": 0.007096412369302186,
    "transformer.h.8.mlp.c_fc": 0.01355425868033383,
    "transformer.h.8.mlp.c_proj": 0.006019179192741447,
    "transformer.h.9.attn.c_attn": 0.011288737360556607,
    "transformer.h.9.attn.c_proj": 0.0036092864163117535,
    "transformer.h.9.mlp.c_fc": 0.010816753752269686,
    "transformer.h.9.mlp.c_proj": 0.0044255404212314884,
    "transformer.h.10.attn.c_attn": 0.007473999255931723,
    "transformer.h.10.attn.c_proj": 0.003525995191319944,
    "transformer.h.10.mlp.c_fc": 0.011277631863891033,
    "transformer.h.10.mlp.c_proj": 0.0045532536328855965,
    "transformer.h.11.attn.c_attn": 0.017557790228273484,
    "transformer.h.11.attn.c_proj": 0.08149768728031939,
    "transformer.h.11.mlp.c_fc": 0.010122660210671272,
    "transformer.h.11.mlp.c_proj": 0.00489752402951841,
    "lm_head": 1.0
  },
  "bit_assignments": {
    "transformer.h.0.attn.c_attn": 16,
    "transformer.h.0.attn.c_proj": 16,
    "transformer.h.0.mlp.c_fc": 16,
    "transformer.h.0.mlp.c_proj": 16,
    "transformer.h.1.attn.c_attn": 16,
    "transformer.h.1.attn.c_proj": 16,
    "transformer.h.1.mlp.c_fc": 16,
    "transformer.h.1.mlp.c_proj": 16,
    "transformer.h.2.attn.c_attn": 16,
    "transformer.h.2.attn.c_proj": 16,
    "transformer.h.2.mlp.c_fc": 16,
    "transformer.h.2.mlp.c_proj": 16,
    "transformer.h.3.attn.c_attn": 16,
    "transformer.h.3.attn.c_proj": 16,
    "transformer.h.3.mlp.c_fc": 16,
    "transformer.h.3.mlp.c_proj": 16,
    "transformer.h.4.attn.c_attn": 16,
    "transformer.h.4.attn.c_proj": 16,
    "transformer.h.4.mlp.c_fc": 16,
    "transformer.h.4.mlp.c_proj": 16,
    "transformer.h.5.attn.c_attn": 16,
    "transformer.h.5.attn.c_proj": 16,
    "transformer.h.5.mlp.c_fc": 16,
    "transformer.h.5.mlp.c_proj": 16,
    "transformer.h.6.attn.c_attn": 16,
    "transformer.h.6.attn.c_proj": 16,
    "transformer.h.6.mlp.c_fc": 16,
    "transformer.h.6.mlp.c_proj": 16,
    "transformer.h.7.attn.c_attn": 16,
    "transformer.h.7.attn.c_proj": 16,
    "transformer.h.7.mlp.c_fc": 16,
    "transformer.h.7.mlp.c_proj": 16,
    "transformer.h.8.attn.c_attn": 16,
    "transformer.h.8.attn.c_proj": 16,
    "transformer.h.8.mlp.c_fc": 16,
    "transformer.h.8.mlp.c_proj": 16,
    "transformer.h.9.attn.c_attn": 16,
    "transformer.h.9.attn.c_proj": 16,
    "transformer.h.9.mlp.c_fc": 16,
    "transformer.h.9.mlp.c_proj": 16,
    "transformer.h.10.attn.c_attn": 16,
    "transformer.h.10.attn.c_proj": 16,
    "transformer.h.10.mlp.c_fc": 16,
    "transformer.h.10.mlp.c_proj": 16,
    "transformer.h.11.attn.c_attn": 16,
    "transformer.h.11.attn.c_proj": 16,
    "transformer.h.11.mlp.c_fc": 16,
    "transformer.h.11.mlp.c_proj": 16,
    "lm_head": 16,
    "transformer.wte": 16,
    "transformer.wpe": 16,
    "transformer.h.0.ln_1": 16,
    "transformer.h.0.ln_2": 16,
    "transformer.h.1.ln_1": 16,
    "transformer.h.1.ln_2": 16,
    "transformer.h.2.ln_1": 16,
    "transformer.h.2.ln_2": 16,
    "transformer.h.3.ln_1": 16,
    "transformer.h.3.ln_2": 16,
    "transformer.h.4.ln_1": 16,
    "transformer.h.4.ln_2": 16,
    "transformer.h.5.ln_1": 16,
    "transformer.h.5.ln_2": 16,
    "transformer.h.6.ln_1": 16,
    "transformer.h.6.ln_2": 16,
    "transformer.h.7.ln_1": 16,
    "transformer.h.7.ln_2": 16,
    "transformer.h.8.ln_1": 16,
    "transformer.h.8.ln_2": 16,
    "transformer.h.9.ln_1": 16,
    "transformer.h.9.ln_2": 16,
    "transformer.h.10.ln_1": 16,
    "transformer.h.10.ln_2": 16,
    "transformer.h.11.ln_1": 16,
    "transformer.h.11.ln_2": 16,
    "transformer.ln_f": 16
  },
  "bit_distribution": {
    "16": 76
  }
}